<?xml version="1.0" encoding="UTF-8"?>
<people>
  <person>
    <firstname>Lars</firstname>
    <lastname>Vogel</lastname>
    <city>Heidelberg</city>
  </person>
  <person>
    <firstname>Jim</firstname>
    <lastname>Knopf</lastname>
    <city>Heidelberg</city>
  </person>
  <person>
    <firstname>Lars</firstname>
    <lastname>Strangelastname</lastname>
    <city>London</city>
  </person>
  <person>
    <firstname>Landerman</firstname>
    <lastname>Petrelli</lastname>
    <city>Somewhere</city>
  </person>
  <person>
    <firstname>Lars</firstname>
    <lastname>Tim</lastname>
    <city>SomewhereElse</city>
  </person>
</people>
