<?xml version="1.0" encoding="UTF-8"?>
<beans xmlns="http://www.springframework.org/schema/beans"
	xmlns:xsi="http://www.w3.org/2001/XMLSchema-instance"
	xsi:schemaLocation="http://www.springframework.org/schema/beans 
	http://www.springframework.org/schema/beans/spring-beans.xsd">

	<!-- 
		<bean name="customer" class="com.demo.model.Customer"> 
			<property name="id" value="50" /> 
			<property name="name" value="John Smith" /> 
		  </bean> 
	-->

	<bean name="foo"
		class="com.demo.repository.HibernateCustomerRepositoryImpl" />


	<bean name="customerService"
		class="com.demo.service.CustomerServiceImpl" autowire="byName">
		<!-- <property name="customerRepository" ref="customerRepository" />-->
	</bean>
</beans>
